<?xml version="1.0" encoding="UTF-8"?>
<root>
  <item name="com.unl.addressvalidator.customview.textfield.DropdownMenuEndIconDelegate boolean isBoxBackgroundModeSupported(int) 0">
    <annotation name="androidx.annotation.IntDef">
      <val name="value" val="{com.unl.addressvalidator.customview.textfield.TextInputLayout.BOX_BACKGROUND_NONE, com.unl.addressvalidator.customview.textfield.TextInputLayout.BOX_BACKGROUND_FILLED, com.unl.addressvalidator.customview.textfield.TextInputLayout.BOX_BACKGROUND_OUTLINE}" />
    </annotation>
  </item>
  <item name="com.unl.addressvalidator.customview.textfield.EndIconDelegate boolean isBoxBackgroundModeSupported(int) 0">
    <annotation name="androidx.annotation.IntDef">
      <val name="value" val="{com.unl.addressvalidator.customview.textfield.TextInputLayout.BOX_BACKGROUND_NONE, com.unl.addressvalidator.customview.textfield.TextInputLayout.BOX_BACKGROUND_FILLED, com.unl.addressvalidator.customview.textfield.TextInputLayout.BOX_BACKGROUND_OUTLINE}" />
    </annotation>
  </item>
  <item name="com.unl.addressvalidator.customview.textfield.IndicatorViewController android.widget.TextView getCaptionViewFromDisplayState(int) 0">
    <annotation name="androidx.annotation.IntDef">
      <val name="value" val="{com.unl.addressvalidator.customview.textfield.IndicatorViewController.CAPTION_STATE_NONE, com.unl.addressvalidator.customview.textfield.IndicatorViewController.CAPTION_STATE_ERROR, com.unl.addressvalidator.customview.textfield.IndicatorViewController.CAPTION_STATE_HELPER_TEXT}" />
    </annotation>
  </item>
  <item name="com.unl.addressvalidator.customview.textfield.IndicatorViewController boolean isCaptionStateError(int) 0">
    <annotation name="androidx.annotation.IntDef">
      <val name="value" val="{com.unl.addressvalidator.customview.textfield.IndicatorViewController.CAPTION_STATE_NONE, com.unl.addressvalidator.customview.textfield.IndicatorViewController.CAPTION_STATE_ERROR, com.unl.addressvalidator.customview.textfield.IndicatorViewController.CAPTION_STATE_HELPER_TEXT}" />
    </annotation>
  </item>
  <item name="com.unl.addressvalidator.customview.textfield.IndicatorViewController boolean isCaptionStateHelperText(int) 0">
    <annotation name="androidx.annotation.IntDef">
      <val name="value" val="{com.unl.addressvalidator.customview.textfield.IndicatorViewController.CAPTION_STATE_NONE, com.unl.addressvalidator.customview.textfield.IndicatorViewController.CAPTION_STATE_ERROR, com.unl.addressvalidator.customview.textfield.IndicatorViewController.CAPTION_STATE_HELPER_TEXT}" />
    </annotation>
  </item>
  <item name="com.unl.addressvalidator.customview.textfield.IndicatorViewController boolean isCaptionView(int) 0">
    <annotation name="androidx.annotation.IntDef">
      <val name="value" val="{com.unl.addressvalidator.customview.textfield.IndicatorViewController.COUNTER_INDEX, com.unl.addressvalidator.customview.textfield.IndicatorViewController.ERROR_INDEX, com.unl.addressvalidator.customview.textfield.IndicatorViewController.HELPER_INDEX}" />
    </annotation>
  </item>
  <item name="com.unl.addressvalidator.customview.textfield.IndicatorViewController void addIndicator(android.widget.TextView, int) 1">
    <annotation name="androidx.annotation.IntDef">
      <val name="value" val="{com.unl.addressvalidator.customview.textfield.IndicatorViewController.COUNTER_INDEX, com.unl.addressvalidator.customview.textfield.IndicatorViewController.ERROR_INDEX, com.unl.addressvalidator.customview.textfield.IndicatorViewController.HELPER_INDEX}" />
    </annotation>
  </item>
  <item name="com.unl.addressvalidator.customview.textfield.IndicatorViewController void createCaptionAnimators(java.util.List&lt;android.animation.Animator&gt;, boolean, android.widget.TextView, int, int, int) 3">
    <annotation name="androidx.annotation.IntDef">
      <val name="value" val="{com.unl.addressvalidator.customview.textfield.IndicatorViewController.CAPTION_STATE_NONE, com.unl.addressvalidator.customview.textfield.IndicatorViewController.CAPTION_STATE_ERROR, com.unl.addressvalidator.customview.textfield.IndicatorViewController.CAPTION_STATE_HELPER_TEXT}" />
    </annotation>
  </item>
  <item name="com.unl.addressvalidator.customview.textfield.IndicatorViewController void createCaptionAnimators(java.util.List&lt;android.animation.Animator&gt;, boolean, android.widget.TextView, int, int, int) 4">
    <annotation name="androidx.annotation.IntDef">
      <val name="value" val="{com.unl.addressvalidator.customview.textfield.IndicatorViewController.CAPTION_STATE_NONE, com.unl.addressvalidator.customview.textfield.IndicatorViewController.CAPTION_STATE_ERROR, com.unl.addressvalidator.customview.textfield.IndicatorViewController.CAPTION_STATE_HELPER_TEXT}" />
    </annotation>
  </item>
  <item name="com.unl.addressvalidator.customview.textfield.IndicatorViewController void createCaptionAnimators(java.util.List&lt;android.animation.Animator&gt;, boolean, android.widget.TextView, int, int, int) 5">
    <annotation name="androidx.annotation.IntDef">
      <val name="value" val="{com.unl.addressvalidator.customview.textfield.IndicatorViewController.CAPTION_STATE_NONE, com.unl.addressvalidator.customview.textfield.IndicatorViewController.CAPTION_STATE_ERROR, com.unl.addressvalidator.customview.textfield.IndicatorViewController.CAPTION_STATE_HELPER_TEXT}" />
    </annotation>
  </item>
  <item name="com.unl.addressvalidator.customview.textfield.IndicatorViewController void removeIndicator(android.widget.TextView, int) 1">
    <annotation name="androidx.annotation.IntDef">
      <val name="value" val="{com.unl.addressvalidator.customview.textfield.IndicatorViewController.COUNTER_INDEX, com.unl.addressvalidator.customview.textfield.IndicatorViewController.ERROR_INDEX, com.unl.addressvalidator.customview.textfield.IndicatorViewController.HELPER_INDEX}" />
    </annotation>
  </item>
  <item name="com.unl.addressvalidator.customview.textfield.IndicatorViewController void setCaptionViewVisibilities(int, int) 0">
    <annotation name="androidx.annotation.IntDef">
      <val name="value" val="{com.unl.addressvalidator.customview.textfield.IndicatorViewController.CAPTION_STATE_NONE, com.unl.addressvalidator.customview.textfield.IndicatorViewController.CAPTION_STATE_ERROR, com.unl.addressvalidator.customview.textfield.IndicatorViewController.CAPTION_STATE_HELPER_TEXT}" />
    </annotation>
  </item>
  <item name="com.unl.addressvalidator.customview.textfield.IndicatorViewController void setCaptionViewVisibilities(int, int) 1">
    <annotation name="androidx.annotation.IntDef">
      <val name="value" val="{com.unl.addressvalidator.customview.textfield.IndicatorViewController.CAPTION_STATE_NONE, com.unl.addressvalidator.customview.textfield.IndicatorViewController.CAPTION_STATE_ERROR, com.unl.addressvalidator.customview.textfield.IndicatorViewController.CAPTION_STATE_HELPER_TEXT}" />
    </annotation>
  </item>
  <item name="com.unl.addressvalidator.customview.textfield.IndicatorViewController void updateCaptionViewsVisibility(int, int, boolean) 0">
    <annotation name="androidx.annotation.IntDef">
      <val name="value" val="{com.unl.addressvalidator.customview.textfield.IndicatorViewController.CAPTION_STATE_NONE, com.unl.addressvalidator.customview.textfield.IndicatorViewController.CAPTION_STATE_ERROR, com.unl.addressvalidator.customview.textfield.IndicatorViewController.CAPTION_STATE_HELPER_TEXT}" />
    </annotation>
  </item>
  <item name="com.unl.addressvalidator.customview.textfield.IndicatorViewController void updateCaptionViewsVisibility(int, int, boolean) 1">
    <annotation name="androidx.annotation.IntDef">
      <val name="value" val="{com.unl.addressvalidator.customview.textfield.IndicatorViewController.CAPTION_STATE_NONE, com.unl.addressvalidator.customview.textfield.IndicatorViewController.CAPTION_STATE_ERROR, com.unl.addressvalidator.customview.textfield.IndicatorViewController.CAPTION_STATE_HELPER_TEXT}" />
    </annotation>
  </item>
  <item name="com.unl.addressvalidator.customview.textfield.TextInputLayout boxBackgroundMode">
    <annotation name="androidx.annotation.IntDef">
      <val name="value" val="{com.unl.addressvalidator.customview.textfield.TextInputLayout.BOX_BACKGROUND_NONE, com.unl.addressvalidator.customview.textfield.TextInputLayout.BOX_BACKGROUND_FILLED, com.unl.addressvalidator.customview.textfield.TextInputLayout.BOX_BACKGROUND_OUTLINE}" />
    </annotation>
  </item>
  <item name="com.unl.addressvalidator.customview.textfield.TextInputLayout endIconMode">
    <annotation name="androidx.annotation.IntDef">
      <val name="value" val="{com.unl.addressvalidator.customview.textfield.TextInputLayout.END_ICON_CUSTOM, com.unl.addressvalidator.customview.textfield.TextInputLayout.END_ICON_NONE, com.unl.addressvalidator.customview.textfield.TextInputLayout.END_ICON_PASSWORD_TOGGLE, com.unl.addressvalidator.customview.textfield.TextInputLayout.END_ICON_CLEAR_TEXT, com.unl.addressvalidator.customview.textfield.TextInputLayout.END_ICON_DROPDOWN_MENU}" />
    </annotation>
  </item>
  <item name="com.unl.addressvalidator.customview.textfield.TextInputLayout int getBoxBackgroundMode()">
    <annotation name="androidx.annotation.IntDef">
      <val name="value" val="{com.unl.addressvalidator.customview.textfield.TextInputLayout.BOX_BACKGROUND_NONE, com.unl.addressvalidator.customview.textfield.TextInputLayout.BOX_BACKGROUND_FILLED, com.unl.addressvalidator.customview.textfield.TextInputLayout.BOX_BACKGROUND_OUTLINE}" />
    </annotation>
  </item>
  <item name="com.unl.addressvalidator.customview.textfield.TextInputLayout int getEndIconMode()">
    <annotation name="androidx.annotation.IntDef">
      <val name="value" val="{com.unl.addressvalidator.customview.textfield.TextInputLayout.END_ICON_CUSTOM, com.unl.addressvalidator.customview.textfield.TextInputLayout.END_ICON_NONE, com.unl.addressvalidator.customview.textfield.TextInputLayout.END_ICON_PASSWORD_TOGGLE, com.unl.addressvalidator.customview.textfield.TextInputLayout.END_ICON_CLEAR_TEXT, com.unl.addressvalidator.customview.textfield.TextInputLayout.END_ICON_DROPDOWN_MENU}" />
    </annotation>
  </item>
  <item name="com.unl.addressvalidator.customview.textfield.TextInputLayout void dispatchOnEndIconChanged(int) 0">
    <annotation name="androidx.annotation.IntDef">
      <val name="value" val="{com.unl.addressvalidator.customview.textfield.TextInputLayout.END_ICON_CUSTOM, com.unl.addressvalidator.customview.textfield.TextInputLayout.END_ICON_NONE, com.unl.addressvalidator.customview.textfield.TextInputLayout.END_ICON_PASSWORD_TOGGLE, com.unl.addressvalidator.customview.textfield.TextInputLayout.END_ICON_CLEAR_TEXT, com.unl.addressvalidator.customview.textfield.TextInputLayout.END_ICON_DROPDOWN_MENU}" />
    </annotation>
  </item>
  <item name="com.unl.addressvalidator.customview.textfield.TextInputLayout void setBoxBackgroundMode(int) 0">
    <annotation name="androidx.annotation.IntDef">
      <val name="value" val="{com.unl.addressvalidator.customview.textfield.TextInputLayout.BOX_BACKGROUND_NONE, com.unl.addressvalidator.customview.textfield.TextInputLayout.BOX_BACKGROUND_FILLED, com.unl.addressvalidator.customview.textfield.TextInputLayout.BOX_BACKGROUND_OUTLINE}" />
    </annotation>
  </item>
  <item name="com.unl.addressvalidator.customview.textfield.TextInputLayout void setEndIconMode(int) 0">
    <annotation name="androidx.annotation.IntDef">
      <val name="value" val="{com.unl.addressvalidator.customview.textfield.TextInputLayout.END_ICON_CUSTOM, com.unl.addressvalidator.customview.textfield.TextInputLayout.END_ICON_NONE, com.unl.addressvalidator.customview.textfield.TextInputLayout.END_ICON_PASSWORD_TOGGLE, com.unl.addressvalidator.customview.textfield.TextInputLayout.END_ICON_CLEAR_TEXT, com.unl.addressvalidator.customview.textfield.TextInputLayout.END_ICON_DROPDOWN_MENU}" />
    </annotation>
  </item>
  <item name="com.unl.addressvalidator.customview.textfield.TextInputLayout.BoxBackgroundMode">
    <annotation name="androidx.annotation.IntDef">
      <val name="value" val="{com.unl.addressvalidator.customview.textfield.TextInputLayout.BOX_BACKGROUND_NONE, com.unl.addressvalidator.customview.textfield.TextInputLayout.BOX_BACKGROUND_FILLED, com.unl.addressvalidator.customview.textfield.TextInputLayout.BOX_BACKGROUND_OUTLINE}" />
    </annotation>
  </item>
  <item name="com.unl.addressvalidator.customview.textfield.TextInputLayout.EndIconMode">
    <annotation name="androidx.annotation.IntDef">
      <val name="value" val="{com.unl.addressvalidator.customview.textfield.TextInputLayout.END_ICON_CUSTOM, com.unl.addressvalidator.customview.textfield.TextInputLayout.END_ICON_NONE, com.unl.addressvalidator.customview.textfield.TextInputLayout.END_ICON_PASSWORD_TOGGLE, com.unl.addressvalidator.customview.textfield.TextInputLayout.END_ICON_CLEAR_TEXT, com.unl.addressvalidator.customview.textfield.TextInputLayout.END_ICON_DROPDOWN_MENU}" />
    </annotation>
  </item>
  <item name="com.unl.addressvalidator.customview.textfield.TextInputLayout.OnEndIconChangedListener void onEndIconChanged(com.unl.addressvalidator.customview.textfield.TextInputLayout, int) 1">
    <annotation name="androidx.annotation.IntDef">
      <val name="value" val="{com.unl.addressvalidator.customview.textfield.TextInputLayout.END_ICON_CUSTOM, com.unl.addressvalidator.customview.textfield.TextInputLayout.END_ICON_NONE, com.unl.addressvalidator.customview.textfield.TextInputLayout.END_ICON_PASSWORD_TOGGLE, com.unl.addressvalidator.customview.textfield.TextInputLayout.END_ICON_CLEAR_TEXT, com.unl.addressvalidator.customview.textfield.TextInputLayout.END_ICON_DROPDOWN_MENU}" />
    </annotation>
  </item>
</root>

