<?xml version="1.0" encoding="UTF-8"?>
<root>
  <item name="com.unl.addressvalidator.customview.shape.CornerFamily">
    <annotation name="androidx.annotation.IntDef">
      <val name="value" val="{com.unl.addressvalidator.customview.shape.CornerFamily.ROUNDED, com.unl.addressvalidator.customview.shape.CornerFamily.CUT}" />
    </annotation>
  </item>
  <item name="com.unl.addressvalidator.customview.shape.MaterialShapeDrawable int getShadowCompatibilityMode()">
    <annotation name="androidx.annotation.IntDef">
      <val name="value" val="{com.unl.addressvalidator.customview.shape.MaterialShapeDrawable.SHADOW_COMPAT_MODE_DEFAULT, com.unl.addressvalidator.customview.shape.MaterialShapeDrawable.SHADOW_COMPAT_MODE_NEVER, com.unl.addressvalidator.customview.shape.MaterialShapeDrawable.SHADOW_COMPAT_MODE_ALWAYS}" />
    </annotation>
  </item>
  <item name="com.unl.addressvalidator.customview.shape.MaterialShapeDrawable void setShadowCompatibilityMode(int) 0">
    <annotation name="androidx.annotation.IntDef">
      <val name="value" val="{com.unl.addressvalidator.customview.shape.MaterialShapeDrawable.SHADOW_COMPAT_MODE_DEFAULT, com.unl.addressvalidator.customview.shape.MaterialShapeDrawable.SHADOW_COMPAT_MODE_NEVER, com.unl.addressvalidator.customview.shape.MaterialShapeDrawable.SHADOW_COMPAT_MODE_ALWAYS}" />
    </annotation>
  </item>
  <item name="com.unl.addressvalidator.customview.shape.MaterialShapeDrawable.CompatibilityShadowMode">
    <annotation name="androidx.annotation.IntDef">
      <val name="value" val="{com.unl.addressvalidator.customview.shape.MaterialShapeDrawable.SHADOW_COMPAT_MODE_DEFAULT, com.unl.addressvalidator.customview.shape.MaterialShapeDrawable.SHADOW_COMPAT_MODE_NEVER, com.unl.addressvalidator.customview.shape.MaterialShapeDrawable.SHADOW_COMPAT_MODE_ALWAYS}" />
    </annotation>
  </item>
  <item name="com.unl.addressvalidator.customview.shape.MaterialShapeUtils com.unl.addressvalidator.customview.shape.CornerTreatment createCornerTreatment(int) 0">
    <annotation name="androidx.annotation.IntDef">
      <val name="value" val="{com.unl.addressvalidator.customview.shape.CornerFamily.ROUNDED, com.unl.addressvalidator.customview.shape.CornerFamily.CUT}" />
    </annotation>
  </item>
  <item name="com.unl.addressvalidator.customview.shape.ShapeAppearanceModel.Builder com.unl.addressvalidator.customview.shape.ShapeAppearanceModel.Builder setAllCorners(int, float) 0">
    <annotation name="androidx.annotation.IntDef">
      <val name="value" val="{com.unl.addressvalidator.customview.shape.CornerFamily.ROUNDED, com.unl.addressvalidator.customview.shape.CornerFamily.CUT}" />
    </annotation>
  </item>
  <item name="com.unl.addressvalidator.customview.shape.ShapeAppearanceModel.Builder com.unl.addressvalidator.customview.shape.ShapeAppearanceModel.Builder setBottomLeftCorner(int, com.unl.addressvalidator.customview.shape.CornerSize) 0">
    <annotation name="androidx.annotation.IntDef">
      <val name="value" val="{com.unl.addressvalidator.customview.shape.CornerFamily.ROUNDED, com.unl.addressvalidator.customview.shape.CornerFamily.CUT}" />
    </annotation>
  </item>
  <item name="com.unl.addressvalidator.customview.shape.ShapeAppearanceModel.Builder com.unl.addressvalidator.customview.shape.ShapeAppearanceModel.Builder setBottomLeftCorner(int, float) 0">
    <annotation name="androidx.annotation.IntDef">
      <val name="value" val="{com.unl.addressvalidator.customview.shape.CornerFamily.ROUNDED, com.unl.addressvalidator.customview.shape.CornerFamily.CUT}" />
    </annotation>
  </item>
  <item name="com.unl.addressvalidator.customview.shape.ShapeAppearanceModel.Builder com.unl.addressvalidator.customview.shape.ShapeAppearanceModel.Builder setBottomRightCorner(int, com.unl.addressvalidator.customview.shape.CornerSize) 0">
    <annotation name="androidx.annotation.IntDef">
      <val name="value" val="{com.unl.addressvalidator.customview.shape.CornerFamily.ROUNDED, com.unl.addressvalidator.customview.shape.CornerFamily.CUT}" />
    </annotation>
  </item>
  <item name="com.unl.addressvalidator.customview.shape.ShapeAppearanceModel.Builder com.unl.addressvalidator.customview.shape.ShapeAppearanceModel.Builder setBottomRightCorner(int, float) 0">
    <annotation name="androidx.annotation.IntDef">
      <val name="value" val="{com.unl.addressvalidator.customview.shape.CornerFamily.ROUNDED, com.unl.addressvalidator.customview.shape.CornerFamily.CUT}" />
    </annotation>
  </item>
  <item name="com.unl.addressvalidator.customview.shape.ShapeAppearanceModel.Builder com.unl.addressvalidator.customview.shape.ShapeAppearanceModel.Builder setTopLeftCorner(int, com.unl.addressvalidator.customview.shape.CornerSize) 0">
    <annotation name="androidx.annotation.IntDef">
      <val name="value" val="{com.unl.addressvalidator.customview.shape.CornerFamily.ROUNDED, com.unl.addressvalidator.customview.shape.CornerFamily.CUT}" />
    </annotation>
  </item>
  <item name="com.unl.addressvalidator.customview.shape.ShapeAppearanceModel.Builder com.unl.addressvalidator.customview.shape.ShapeAppearanceModel.Builder setTopLeftCorner(int, float) 0">
    <annotation name="androidx.annotation.IntDef">
      <val name="value" val="{com.unl.addressvalidator.customview.shape.CornerFamily.ROUNDED, com.unl.addressvalidator.customview.shape.CornerFamily.CUT}" />
    </annotation>
  </item>
  <item name="com.unl.addressvalidator.customview.shape.ShapeAppearanceModel.Builder com.unl.addressvalidator.customview.shape.ShapeAppearanceModel.Builder setTopRightCorner(int, com.unl.addressvalidator.customview.shape.CornerSize) 0">
    <annotation name="androidx.annotation.IntDef">
      <val name="value" val="{com.unl.addressvalidator.customview.shape.CornerFamily.ROUNDED, com.unl.addressvalidator.customview.shape.CornerFamily.CUT}" />
    </annotation>
  </item>
  <item name="com.unl.addressvalidator.customview.shape.ShapeAppearanceModel.Builder com.unl.addressvalidator.customview.shape.ShapeAppearanceModel.Builder setTopRightCorner(int, float) 0">
    <annotation name="androidx.annotation.IntDef">
      <val name="value" val="{com.unl.addressvalidator.customview.shape.CornerFamily.ROUNDED, com.unl.addressvalidator.customview.shape.CornerFamily.CUT}" />
    </annotation>
  </item>
</root>

